{"cameraMode":{"drawMode":0,"name":"Shaded","section":"Shading Mode"},"sceneLighting":false,"audioPlay":false,"sceneViewState":{"m_AlwaysRefresh":false,"showFog":true,"showSkybox":false,"showFlares":true,"showImageEffects":true,"showParticleSystems":true,"showVisualEffectGraphs":true,"m_FxEnabled":true},"in2DMode":false,"pivot":{"x":1.8020102977752686,"y":12.59343147277832,"z":10.810943603515625},"rotation":{"x":-0.07256294041872025,"y":0.17765526473522187,"z":-0.01313608419150114,"w":-0.9813211560249329},"size":23.200820922851564,"orthographic":false}