{"cameraMode":{"drawMode":0,"name":"Shaded","section":"Shading Mode"},"sceneLighting":false,"audioPlay":false,"sceneViewState":{"m_AlwaysRefresh":false,"showFog":true,"showSkybox":false,"showFlares":true,"showImageEffects":true,"showParticleSystems":true,"showVisualEffectGraphs":true,"m_FxEnabled":true},"in2DMode":false,"pivot":{"x":0.844980001449585,"y":4.470139503479004,"z":0.4824228286743164},"rotation":{"x":-0.27023592591285708,"y":-0.13177567720413209,"z":0.037366803735494617,"w":-0.9530016779899597},"size":7.836058616638184,"orthographic":false}