{"cameraMode":{"drawMode":0,"name":"Shaded","section":"Shading Mode"},"sceneLighting":false,"audioPlay":false,"sceneViewState":{"m_AlwaysRefresh":false,"showFog":true,"showSkybox":false,"showFlares":true,"showImageEffects":true,"showParticleSystems":true,"showVisualEffectGraphs":true,"m_FxEnabled":true},"in2DMode":false,"pivot":{"x":-1.0697335004806519,"y":8.855754852294922,"z":0.5320472717285156},"rotation":{"x":-0.06546236574649811,"y":-0.15443828701972962,"z":0.010255901142954827,"w":-0.985778272151947},"size":2.6999998092651369,"orthographic":false}